"Delivery Date","Hour Ending","Repeated Hour Flag","REGDN","REGUP","RRS","NSPIN","total_lmp"
2010-12-01 01:00:00,"1:00","N",9.01,6.88,6.88,3.89,23.475
2010-12-01 02:00:00,"2:00","N",5.5,5,5,3.19,21.4675
2010-12-01 03:00:00,"3:00","N",3,5,5,3.15,21.31125
2010-12-01 04:00:00,"4:00","N",3.6,4.5,4.5,3.13,22.35
2010-12-01 05:00:00,"5:00","N",4,4.5,4.5,3.09,24.3925
2010-12-01 06:00:00,"6:00","N",5.75,5.93,5.3,3.02,26.595
2010-12-01 07:00:00,"7:00","N",3,23.35,22.35,2.82,38.08125
2010-12-01 08:00:00,"8:00","N",3.89,17.7,17.7,2.87,31.08125
2010-12-01 09:00:00,"9:00","N",3,13.56,13.56,2.77,27.39
2010-12-01 10:00:00,"10:00","N",3.82,7.5,7.5,2.62,26.965
2010-12-01 11:00:00,"11:00","N",3,7.5,7.5,5.41,26.17875
2010-12-01 12:00:00,"12:00","N",5,5,5,5,23.34
2010-12-01 13:00:00,"13:00","N",4.5,5.31,5.31,5.31,21.73
2010-12-01 14:00:00,"14:00","N",5,6,6,5.31,21.2425
2010-12-01 15:00:00,"15:00","N",4,6,6,5.31,21.275
2010-12-01 16:00:00,"16:00","N",4,6,6,5.31,19.8625
2010-12-01 17:00:00,"17:00","N",4.25,7,7,5.31,20.24
2010-12-01 18:00:00,"18:00","N",5,10,10,5.41,25.2575
2010-12-01 19:00:00,"19:00","N",5.5,14.22,14.01,5.87,27.25
2010-12-01 20:00:00,"20:00","N",6.88,12,12,5.41,26.665
2010-12-01 21:00:00,"21:00","N",4.45,10,10,5.96,24.8825
2010-12-01 22:00:00,"22:00","N",3.69,5.31,5.31,5.31,21.50625
2010-12-01 23:00:00,"23:00","N",7.11,10,10,2.8,19.04625
2010-12-02 00:00:00,"24:00:00","N",5.5,5.59,5.59,2.93,16.49625
2010-12-02 01:00:00,"1:00","N",7.75,15,15,2.93,16.55625
2010-12-02 02:00:00,"2:00","N",7,9.5,9.5,2.98,16.9425
2010-12-02 03:00:00,"3:00","N",3.72,5.5,5.5,3.06,18.0225
2010-12-02 04:00:00,"4:00","N",3.94,5,5,3,17.40625
2010-12-02 05:00:00,"5:00","N",4,8.21,8.21,2.97,20.135
2010-12-02 06:00:00,"6:00","N",7,10.86,9.86,3.01,22.31875
2010-12-02 07:00:00,"7:00","N",4.2,31.07,26.99,2.47,27.48125
2010-12-02 08:00:00,"8:00","N",5.06,24.44,23.44,5.41,28.14375
2010-12-02 09:00:00,"9:00","N",4.28,19.23,19.23,6.11,27.52
2010-12-02 10:00:00,"10:00","N",4.85,15,15,5.83,28.0975
2010-12-02 11:00:00,"11:00","N",4,11.49,11.49,9.12,28.27375
2010-12-02 12:00:00,"12:00","N",4,10.9,7.9,7.9,26.61125
2010-12-02 13:00:00,"13:00","N",4,10.49,9.49,7.49,26.1075
2010-12-02 14:00:00,"14:00","N",4.6,8.41,7,5.41,25.58
2010-12-02 15:00:00,"15:00","N",2.5,5.41,5.41,5.41,25.85125
2010-12-02 16:00:00,"16:00","N",3.76,7.06,6.61,5.31,26.0475
2010-12-02 17:00:00,"17:00","N",4.03,8.99,7.26,5.99,26.1625
2010-12-02 18:00:00,"18:00","N",3.74,15,12,9.5,30.2425
2010-12-02 19:00:00,"19:00","N",4,24.98,17.89,11.42,36.77875
2010-12-02 20:00:00,"20:00","N",4,17.51,17.51,11.42,32.2925
2010-12-02 21:00:00,"21:00","N",4,15.1,15.1,11.42,30.46875
2010-12-02 22:00:00,"22:00","N",4,11,10,8,27.44625
2010-12-02 23:00:00,"23:00","N",9.16,15,14,6.05,24.65
2010-12-03 00:00:00,"24:00:00","N",7.75,5.41,5.41,5.41,23.28875
2010-12-03 01:00:00,"1:00","N",9,11.97,11.97,3.1,26.94
2010-12-03 02:00:00,"2:00","N",9,10,10,2.95,21.8075
2010-12-03 03:00:00,"3:00","N",7,6.5,6.5,3.01,20.46
2010-12-03 04:00:00,"4:00","N",7.11,6.16,6.5,2.96,20.4825
2010-12-03 05:00:00,"5:00","N",6.92,10.88,10.88,2.91,22.1675
2010-12-03 06:00:00,"6:00","N",13.11,16,16,3.04,29.045
2010-12-03 07:00:00,"7:00","N",4,24.22,24.22,4.05,29.56125
2010-12-03 08:00:00,"8:00","N",4.5,17.93,18.48,4.25,28.75875
2010-12-03 09:00:00,"9:00","N",4,15.59,15.59,4.96,25.97
2010-12-03 10:00:00,"10:00","N",4,10.73,11.33,4.63,27.175
2010-12-03 11:00:00,"11:00","N",3.37,8.53,9.13,7.13,29.3925
2010-12-03 12:00:00,"12:00","N",4,8.07,8.07,6.07,29.6975
2010-12-03 13:00:00,"13:00","N",3.88,9.13,9.13,6.13,27.8275
2010-12-03 14:00:00,"14:00","N",5,6.71,7.31,5.31,25.675
2010-12-03 15:00:00,"15:00","N",3,7.31,7.31,5.31,24.42375
2010-12-03 16:00:00,"16:00","N",3,8.56,8.56,5.45,23.63125
2010-12-03 17:00:00,"17:00","N",4,10.51,10.51,6.12,24.83125
2010-12-03 18:00:00,"18:00","N",5.4,15.17,15,8.16,25.74875
2010-12-03 19:00:00,"19:00","N",7.11,18,17,11.22,26.61375
2010-12-03 20:00:00,"20:00","N",7.11,16.31,16.31,10,22.9425
2010-12-03 21:00:00,"21:00","N",4.5,12,12,9.1,20.795
2010-12-03 22:00:00,"22:00","N",4.73,12,12,6.5,19.795
2010-12-03 23:00:00,"23:00","N",9.98,15,15,5.25,19.1325
2010-12-04 00:00:00,"24:00:00","N",8.95,7,7,4.56,16.5375
2010-12-04 01:00:00,"1:00","N",9.01,5.9,5.5,2.89,11.40125
2010-12-04 02:00:00,"2:00","N",9.38,5,5,2.98,1.8575
2010-12-04 03:00:00,"3:00","N",7,5,5,2.98,-1.9175
2010-12-04 04:00:00,"4:00","N",7,5,5,2.96,-1.3175
2010-12-04 05:00:00,"5:00","N",7,5,5,3,4.96375
2010-12-04 06:00:00,"6:00","N",15,5.9,5.5,2.99,19.9225
2010-12-04 07:00:00,"7:00","N",8.92,10.64,9.64,2.91,20.84125
2010-12-04 08:00:00,"8:00","N",11,8,8,2.86,20.87
2010-12-04 09:00:00,"9:00","N",10,14,13,2.8,23.7775
2010-12-04 10:00:00,"10:00","N",10,10,10,2.66,25.82875
2010-12-04 11:00:00,"11:00","N",5,8.53,8.53,2.68,27.41125
2010-12-04 12:00:00,"12:00","N",5.41,8.42,8.42,2.77,27.77125
2010-12-04 13:00:00,"13:00","N",5,8.21,8.21,2.79,28.0875
2010-12-04 14:00:00,"14:00","N",7,8,8,2.85,27.85
2010-12-04 15:00:00,"15:00","N",4.5,7.72,7.72,2.89,25.9825
2010-12-04 16:00:00,"16:00","N",4.53,8.25,8,2.88,27.19625
2010-12-04 17:00:00,"17:00","N",5.7,11,10,2.87,25.37875
2010-12-04 18:00:00,"18:00","N",6.73,14,13,2.7,40.74625
2010-12-04 19:00:00,"19:00","N",7.11,16,15,2.55,36.31
2010-12-04 20:00:00,"20:00","N",7.11,15,14,2.65,30.49375
2010-12-04 21:00:00,"21:00","N",4.5,10.44,10.44,2.91,27.9625
2010-12-04 22:00:00,"22:00","N",6.63,10,10,2.97,24.6425
2010-12-04 23:00:00,"23:00","N",12,14,13,2.83,22.3925
2010-12-05 00:00:00,"24:00:00","N",6,7.81,7.81,3.04,19.82625
2010-12-05 01:00:00,"1:00","N",7.33,7,7,2.81,20.4375
2010-12-05 02:00:00,"2:00","N",7.11,5.5,5.5,2.92,20.0275
2010-12-05 03:00:00,"3:00","N",5.64,5.5,5.5,2.9,20.3225
2010-12-05 04:00:00,"4:00","N",5.96,5.5,5.5,2.91,21.0375
2010-12-05 05:00:00,"5:00","N",5.5,5.5,5.5,2.98,25.4375
2010-12-05 06:00:00,"6:00","N",9,9,9,2.96,35.87875
2010-12-05 07:00:00,"7:00","N",4.41,16,15,2.92,37.335
2010-12-05 08:00:00,"8:00","N",5,9.74,9.74,2.84,35.44375
2010-12-05 09:00:00,"9:00","N",4.5,11.1,11.1,2.74,77.58125
2010-12-05 10:00:00,"10:00","N",4.5,9.73,9.73,2.6,43.45375
2010-12-05 11:00:00,"11:00","N",4.5,8.56,8.9,2.67,44.17625
2010-12-05 12:00:00,"12:00","N",4.5,8.42,8.42,2.75,42.46125
2010-12-05 13:00:00,"13:00","N",3.91,9.09,9.09,2.77,33.22
2010-12-05 14:00:00,"14:00","N",5,6,6,2.83,29.1825
2010-12-05 15:00:00,"15:00","N",3.53,7.7,7.7,2.87,28.80375
2010-12-05 16:00:00,"16:00","N",3.62,7.9,7.9,2.87,27.6575
2010-12-05 17:00:00,"17:00","N",5,10,10,2.85,28.1525
2010-12-05 18:00:00,"18:00","N",5,12.7,12.7,2.69,62.92
2010-12-05 19:00:00,"19:00","N",6.35,18.57,18.57,2.53,47.25125
2010-12-05 20:00:00,"20:00","N",5,17.05,17.06,2.63,43.2525
2010-12-05 21:00:00,"21:00","N",4.5,13,13,2.9,44.1375
2010-12-05 22:00:00,"22:00","N",4.5,11.81,11.81,2.96,41.33375
2010-12-05 23:00:00,"23:00","N",7.5,12,12,2.73,32.59125
2010-12-06 00:00:00,"24:00:00","N",6,9.08,9.08,2.95,32.29
2010-12-06 01:00:00,"1:00","N",7,7,7,3.08,31.435
2010-12-06 02:00:00,"2:00","N",6.87,6.33,6.33,3.1,29.18
2010-12-06 03:00:00,"3:00","N",5,6.01,6.01,3.01,30.5075
2010-12-06 04:00:00,"4:00","N",5.24,5,5,2.97,34.725
2010-12-06 05:00:00,"5:00","N",4,6.3,6.3,2.94,36.46875
2010-12-06 06:00:00,"6:00","N",7,15,15,2.82,35.245
2010-12-06 07:00:00,"7:00","N",3,31.42,25.42,2.48,85.8025
2010-12-06 08:00:00,"8:00","N",5,27.08,25,2.24,60.15125
2010-12-06 09:00:00,"9:00","N",3,21.73,21.26,2.66,35.6775
2010-12-06 10:00:00,"10:00","N",4,15,15,2.71,34.5
2010-12-06 11:00:00,"11:00","N",3,8.28,8.28,2.8,32.0925
2010-12-06 12:00:00,"12:00","N",3.99,7,7,2.81,31.8875
2010-12-06 13:00:00,"13:00","N",3,7,7,2.93,29.8675
2010-12-06 14:00:00,"14:00","N",5,5.42,5.42,2.9,28.115
2010-12-06 15:00:00,"15:00","N",3,6,6,2.93,27.5225
2010-12-06 16:00:00,"16:00","N",3.69,6.96,5.96,2.97,27.3975
2010-12-06 17:00:00,"17:00","N",4.25,8.24,7.24,2.93,28.095
2010-12-06 18:00:00,"18:00","N",5,14.43,13.43,2.72,268.4875
2010-12-06 19:00:00,"19:00","N",7,22.27,21.27,2.37,240.2975
2010-12-06 20:00:00,"20:00","N",7,21,20,2.61,37.885
2010-12-06 21:00:00,"21:00","N",3,15,15,2.76,38.7675
2010-12-06 22:00:00,"22:00","N",4.3,12,12,2.8,32.34
2010-12-06 23:00:00,"23:00","N",7.11,10.29,10,2.32,28.845
2010-12-07 00:00:00,"24:00:00","N",5.55,9.14,9.14,2.66,26.785
2010-12-07 01:00:00,"1:00","N",5.3,5.99,5.99,2.64,27.09
2010-12-07 02:00:00,"2:00","N",5.93,5.92,5.91,2.73,26.20625
2010-12-07 03:00:00,"3:00","N",4.21,5,5,2.74,25.745
2010-12-07 04:00:00,"4:00","N",4.74,5,5,2.76,26.025
2010-12-07 05:00:00,"5:00","N",3.28,6.44,6.44,2.72,28.4175
2010-12-07 06:00:00,"6:00","N",7.11,12.45,11.45,2.63,27.5475
2010-12-07 07:00:00,"7:00","N",2.85,32.36,28.11,2.3,32.3675
2010-12-07 08:00:00,"8:00","N",4.5,26.17,25.17,2.27,31.92875
2010-12-07 09:00:00,"9:00","N",3,17.81,16.81,2.34,29.04
2010-12-07 10:00:00,"10:00","N",3,12.25,12.25,2.45,28.3375
2010-12-07 11:00:00,"11:00","N",3,10,10,5.21,26.63
2010-12-07 12:00:00,"12:00","N",3.01,8.06,8.06,5.11,26.1625
2010-12-07 13:00:00,"13:00","N",3.85,6.8,6.8,4.8,23.735
2010-12-07 14:00:00,"14:00","N",5.03,5.5,5.73,3.73,22.215
2010-12-07 15:00:00,"15:00","N",4.83,5.99,5.99,3.99,21.67
2010-12-07 16:00:00,"16:00","N",5,5.99,5.99,3.99,20.2075
2010-12-07 17:00:00,"17:00","N",5.29,8,7,5,21.8125
2010-12-07 18:00:00,"18:00","N",5.11,15,15,5.41,26.555
2010-12-07 19:00:00,"19:00","N",4.5,18.18,18.18,5.38,28.3475
2010-12-07 20:00:00,"20:00","N",4.96,15,15,5.21,27.95125
2010-12-07 21:00:00,"21:00","N",3,12.89,12.89,5.21,27.33
2010-12-07 22:00:00,"22:00","N",4.3,11.76,11.76,3.2,25.355
2010-12-07 23:00:00,"23:00","N",7.65,11.17,11.17,2.8,20.80375
2010-12-08 00:00:00,"24:00:00","N",7.11,9.96,9.96,2.7,18.1
2010-12-08 01:00:00,"1:00","N",6.68,5.32,5.32,2.65,20.31375
2010-12-08 02:00:00,"2:00","N",6.48,5,5,2.75,21.2425
2010-12-08 03:00:00,"3:00","N",5,5,5,2.77,22.97125
2010-12-08 04:00:00,"4:00","N",5,4.77,4.77,2.77,24.0125
2010-12-08 05:00:00,"5:00","N",3.86,5,5,2.75,26.825
2010-12-08 06:00:00,"6:00","N",7.5,11,10,2.65,28.8575
2010-12-08 07:00:00,"7:00","N",2.9,27.85,25,2.18,40.19
2010-12-08 08:00:00,"8:00","N",4.83,26.47,25,2.16,36.66
2010-12-08 09:00:00,"9:00","N",3,20,19.55,2.28,33.2475
2010-12-08 10:00:00,"10:00","N",4.85,13.82,13.82,2.42,23.235
2010-12-08 11:00:00,"11:00","N",3.59,8.14,8,4,31.1325
2010-12-08 12:00:00,"12:00","N",4.21,6,6,4,29.825
2010-12-08 13:00:00,"13:00","N",3,5.48,5.48,3.48,29.0525
2010-12-08 14:00:00,"14:00","N",5,5.25,5.25,3.25,29.075
2010-12-08 15:00:00,"15:00","N",3,5.25,5.25,3.25,28.73125
2010-12-08 16:00:00,"16:00","N",3,5.25,5.25,3.25,28.39375
2010-12-08 17:00:00,"17:00","N",3,8,7,5,28.42625
2010-12-08 18:00:00,"18:00","N",4,16.25,16.25,7.7,43.5425
2010-12-08 19:00:00,"19:00","N",7,20.98,20.98,11.02,48.37125
2010-12-08 20:00:00,"20:00","N",7.11,16.34,16.34,7.7,35.275
2010-12-08 21:00:00,"21:00","N",3,12,12,5.41,32.93
2010-12-08 22:00:00,"22:00","N",4.3,11.24,11.24,3.95,30.34625
2010-12-08 23:00:00,"23:00","N",8.61,11.27,11.26,2.76,28.0075
2010-12-09 00:00:00,"24:00:00","N",6.55,9.06,9.06,2.73,24.32125
2010-12-09 01:00:00,"1:00","N",6.41,7,7,2.77,25.17125
2010-12-09 02:00:00,"2:00","N",6.25,5,5,2.83,26.0375
2010-12-09 03:00:00,"3:00","N",5,5,5,2.85,26.32
2010-12-09 04:00:00,"4:00","N",5,4.85,4.85,2.85,27.15375
2010-12-09 05:00:00,"5:00","N",3.79,5,5,2.81,30.63
2010-12-09 06:00:00,"6:00","N",7.5,11.94,11.94,2.71,33.995
2010-12-09 07:00:00,"7:00","N",4,24.8,24.54,2.4,49.48625
2010-12-09 08:00:00,"8:00","N",4.67,25,25,2.37,35.335
2010-12-09 09:00:00,"9:00","N",4,16.03,16.03,2.5,28.75
2010-12-09 10:00:00,"10:00","N",4.97,10,10,2.62,28.18625
2010-12-09 11:00:00,"11:00","N",3.43,7.23,7.83,4,26.665
2010-12-09 12:00:00,"12:00","N",4.5,5.44,5.44,4,24.81375
2010-12-09 13:00:00,"13:00","N",4.5,5.16,5.16,3.16,21.59875
2010-12-09 14:00:00,"14:00","N",4.94,4.92,5,3,20.64
2010-12-09 15:00:00,"15:00","N",3.9,4.87,4.92,2.92,21.345
2010-12-09 16:00:00,"16:00","N",4,5,5,3,23.415
2010-12-09 17:00:00,"17:00","N",4.25,8,8,5.06,25.6625
2010-12-09 18:00:00,"18:00","N",4.5,13.55,13.55,5.59,76.6425
2010-12-09 19:00:00,"19:00","N",5.75,25,25,5.3,35.34625
2010-12-09 20:00:00,"20:00","N",7.5,15,15,5.41,34.685
2010-12-09 21:00:00,"21:00","N",4.5,12,12,5.61,36.6
2010-12-09 22:00:00,"22:00","N",4.5,10,10,4.4,37.98
2010-12-09 23:00:00,"23:00","N",6.9,12,12,2.88,33.2975
2010-12-10 00:00:00,"24:00:00","N",4.75,8,8,2.86,29.62625
2010-12-10 01:00:00,"1:00","N",7.47,10.4,10.4,2.78,30.10125
2010-12-10 02:00:00,"2:00","N",8.21,5,5,2.84,29.01125
2010-12-10 03:00:00,"3:00","N",6,5,5,2.88,29.475
2010-12-10 04:00:00,"4:00","N",7,5,5,2.85,32.305
2010-12-10 05:00:00,"5:00","N",4.75,5,5,2.81,47.71375
2010-12-10 06:00:00,"6:00","N",7.5,18.26,17.26,2.71,593.33125
2010-12-10 07:00:00,"7:00","N",4.2,25,21.36,2.47,69.595
2010-12-10 08:00:00,"8:00","N",4,21.4,20.4,2.51,38.08375
2010-12-10 09:00:00,"9:00","N",4,15.49,14.49,2.65,37.19375
2010-12-10 10:00:00,"10:00","N",4.5,14.33,14.33,2.51,33.43375
2010-12-10 11:00:00,"11:00","N",4,10.67,10.67,2.52,29.73875
2010-12-10 12:00:00,"12:00","N",4.82,12.32,12.32,2.73,28.33125
2010-12-10 13:00:00,"13:00","N",4.5,10,10,2.78,27.87
2010-12-10 14:00:00,"14:00","N",5,7.16,7.16,2.66,27.90625
2010-12-10 15:00:00,"15:00","N",4.2,7.03,7.03,2.73,27.91125
2010-12-10 16:00:00,"16:00","N",4.34,7.5,7.5,2.79,26.605
2010-12-10 17:00:00,"17:00","N",4.25,8.33,8.33,2.83,27.50125
2010-12-10 18:00:00,"18:00","N",4.5,23.54,22.54,2.65,29.66625
2010-12-10 19:00:00,"19:00","N",4.82,26,25,2.6,32.4025
2010-12-10 20:00:00,"20:00","N",7.11,18.27,17.27,2.77,28.485
2010-12-10 21:00:00,"21:00","N",4.45,13.38,13.38,2.81,26.81875
2010-12-10 22:00:00,"22:00","N",6.45,10,10,2.86,17.665
2010-12-10 23:00:00,"23:00","N",7.5,15,15,2.67,-0.06
2010-12-11 00:00:00,"24:00:00","N",7.11,11.46,11.46,2.73,15.03125
2010-12-11 01:00:00,"1:00","N",8.49,10.71,10,2.81,15.83875
2010-12-11 02:00:00,"2:00","N",9.14,6.33,6.33,2.79,12.45125
2010-12-11 03:00:00,"3:00","N",7,7,7,2.79,14.34875
2010-12-11 04:00:00,"4:00","N",7.11,6.06,6.06,2.79,14.2675
2010-12-11 05:00:00,"5:00","N",7,6.33,6.33,2.78,18.03125
2010-12-11 06:00:00,"6:00","N",16.53,18,15.25,2.73,8.61375
2010-12-11 07:00:00,"7:00","N",4.63,20.59,18.09,2.64,13.9975
2010-12-11 08:00:00,"8:00","N",7,15,15,2.59,13.34
2010-12-11 09:00:00,"9:00","N",4.5,15,15,2.6,19.78875
2010-12-11 10:00:00,"10:00","N",4.85,14.07,14.07,2.57,20.91
2010-12-11 11:00:00,"11:00","N",4.02,12.72,12.73,2.66,20.46
2010-12-11 12:00:00,"12:00","N",5.71,9.26,9.26,2.7,21.125
2010-12-11 13:00:00,"13:00","N",4.5,6.3,6.75,2.75,22.48
2010-12-11 14:00:00,"14:00","N",4.88,5,5.87,2.79,23.22625
2010-12-11 15:00:00,"15:00","N",3.68,5.86,6.15,2.83,22.8025
2010-12-11 16:00:00,"16:00","N",4.28,6.75,6.75,2.8,21.7425
2010-12-11 17:00:00,"17:00","N",4.25,8.75,8.75,4.03,22.1625
2010-12-11 18:00:00,"18:00","N",4.5,13.75,13.75,4.09,25.99375
2010-12-11 19:00:00,"19:00","N",7.5,26,25,5.21,28.0225
2010-12-11 20:00:00,"20:00","N",9,18.14,17.14,4.59,23.1825
2010-12-11 21:00:00,"21:00","N",4.45,10.74,10.74,4,22.7725
2010-12-11 22:00:00,"22:00","N",6.26,10,10,3.34,22.8325
2010-12-11 23:00:00,"23:00","N",8.11,15.21,14.21,2.56,21.49
2010-12-12 00:00:00,"24:00:00","N",7.5,14.37,14.37,2.56,22.38625
2010-12-12 01:00:00,"1:00","N",7.11,10,10,2.73,22.8325
2010-12-12 02:00:00,"2:00","N",7,5.21,5.21,2.7,21.31
2010-12-12 03:00:00,"3:00","N",4.68,5.25,5.25,2.71,21.6225
2010-12-12 04:00:00,"4:00","N",5,5.28,5.28,2.7,23.9075
2010-12-12 05:00:00,"5:00","N",4.2,5.34,5.34,2.69,26.4775
2010-12-12 06:00:00,"6:00","N",7.5,19.99,19.99,2.63,25.49125
2010-12-12 07:00:00,"7:00","N",4.2,21,20,2.55,25.17
2010-12-12 08:00:00,"8:00","N",4.75,20.84,20.84,2.51,29.3525
2010-12-12 09:00:00,"9:00","N",4.2,24.43,24.43,2.5,44.98
2010-12-12 10:00:00,"10:00","N",4.45,21.77,21.77,2.48,32.945
2010-12-12 11:00:00,"11:00","N",3,17.02,17.02,2.54,29.69625
2010-12-12 12:00:00,"12:00","N",4.6,10.75,10.75,2.59,33.14
2010-12-12 13:00:00,"13:00","N",3,7.96,7.96,2.64,28.83
2010-12-12 14:00:00,"14:00","N",4.75,6.33,6.33,2.69,27.0425
2010-12-12 15:00:00,"15:00","N",3.61,6.29,6.29,2.72,26.425
2010-12-12 16:00:00,"16:00","N",3.56,7.53,7.53,2.74,26.545
2010-12-12 17:00:00,"17:00","N",4.25,9.58,9.58,4.24,27.6175
2010-12-12 18:00:00,"18:00","N",4.06,18.12,18.09,5.21,39.14375
2010-12-12 19:00:00,"19:00","N",5.44,26.47,26.02,8.4,97.49625
2010-12-12 20:00:00,"20:00","N",6.75,19.87,19.87,8,140.37125
2010-12-12 21:00:00,"21:00","N",3,16.24,16.23,8,57.72
2010-12-12 22:00:00,"22:00","N",4.3,13.15,13.15,5.11,41.69375
2010-12-12 23:00:00,"23:00","N",7.11,12,12,2.48,38.2625
2010-12-13 00:00:00,"24:00:00","N",5.55,12.48,12.48,2.47,31.77
2010-12-13 01:00:00,"1:00","N",5,7.97,7.97,2.71,27.415
2010-12-13 02:00:00,"2:00","N",4.75,4.75,4.75,2.75,26.0925
2010-12-13 03:00:00,"3:00","N",3,5,5,2.71,24.58
2010-12-13 04:00:00,"4:00","N",3,6.75,6.75,2.71,24.02
2010-12-13 05:00:00,"5:00","N",3,10.75,10.75,2.63,26.555
2010-12-13 06:00:00,"6:00","N",5.75,15.55,15.55,2.46,28.13
2010-12-13 07:00:00,"7:00","N",3,36,35,1.98,33.3775
2010-12-13 08:00:00,"8:00","N",4.5,28.66,28.66,1.95,32.7625
2010-12-13 09:00:00,"9:00","N",4,18.36,18.36,2.24,29.3975
2010-12-13 10:00:00,"10:00","N",4.26,13.93,13.93,2.35,28.8575
2010-12-13 11:00:00,"11:00","N",3,10,10,2.52,28.42875
2010-12-13 12:00:00,"12:00","N",3,10.75,10.75,2.64,28.66375
2010-12-13 13:00:00,"13:00","N",3,9.47,10,2.76,27.61
2010-12-13 14:00:00,"14:00","N",4.5,5.35,5.95,2.82,26.35125
2010-12-13 15:00:00,"15:00","N",3,5.59,6.15,2.83,25.1875
2010-12-13 16:00:00,"16:00","N",3,7.5,7.5,2.84,23.755
2010-12-13 17:00:00,"17:00","N",4,9.56,9.56,2.79,24.8925
2010-12-13 18:00:00,"18:00","N",4.42,20.77,20.77,5.21,28.035
2010-12-13 19:00:00,"19:00","N",5.75,32.72,32.72,11.02,30.32875
2010-12-13 20:00:00,"20:00","N",7,18.94,18.94,5.21,30.1125
2010-12-13 21:00:00,"21:00","N",3,15,15,5.11,28.87875
2010-12-13 22:00:00,"22:00","N",3.47,11.39,11.39,3.34,27.44375
2010-12-13 23:00:00,"23:00","N",5.44,9.83,9.83,2.58,27.8225
2010-12-14 00:00:00,"24:00:00","N",4.45,9.37,9.37,2.57,25.68875
2010-12-14 01:00:00,"1:00","N",6,9.95,9.95,2.64,23.175
2010-12-14 02:00:00,"2:00","N",6.62,8,8,2.74,22.195
2010-12-14 03:00:00,"3:00","N",4.92,5.88,5.88,2.75,22.57875
2010-12-14 04:00:00,"4:00","N",4.66,5.43,5.43,2.75,24.20125
2010-12-14 05:00:00,"5:00","N",3.52,6.84,6.84,2.7,23.63625
2010-12-14 06:00:00,"6:00","N",6.02,13.98,13.98,2.58,25.4325
2010-12-14 07:00:00,"7:00","N",4.5,33.53,33.17,2.16,45.77625
2010-12-14 08:00:00,"8:00","N",5.82,30.22,30.22,2.12,35.81375
2010-12-14 09:00:00,"9:00","N",4.5,18.9,18.9,2.27,30.57125
2010-12-14 10:00:00,"10:00","N",5.91,13.75,13.75,2.43,31.2275
2010-12-14 11:00:00,"11:00","N",5.75,11.38,11.38,2.79,29.86875
2010-12-14 12:00:00,"12:00","N",4.53,8.1,9,3.9,28.19125
2010-12-14 13:00:00,"13:00","N",4.5,7,7,3.9,29.4775
2010-12-14 14:00:00,"14:00","N",5,5,5.84,3.84,27.305
2010-12-14 15:00:00,"15:00","N",4.48,5.7,5.7,3.59,26.07625
2010-12-14 16:00:00,"16:00","N",4.4,7.48,7.48,3.54,23.11
2010-12-14 17:00:00,"17:00","N",5.31,9.53,9.53,4.05,23.28125
2010-12-14 18:00:00,"18:00","N",7.65,20.93,20.93,5,27.25875
2010-12-14 19:00:00,"19:00","N",9,31.04,31.04,5.21,31.53375
2010-12-14 20:00:00,"20:00","N",9,23.52,23.52,5,29.82
2010-12-14 21:00:00,"21:00","N",4.45,17.27,17.27,4.51,29.1225
2010-12-14 22:00:00,"22:00","N",5.58,10.75,10.75,3.35,27.125
2010-12-14 23:00:00,"23:00","N",7.75,14.94,14.94,2.83,22.7975
2010-12-15 00:00:00,"24:00:00","N",13.11,11.95,13,2.76,18.435
2010-12-15 01:00:00,"1:00","N",10.4,8.48,8.48,2.81,18.1725
2010-12-15 02:00:00,"2:00","N",10.13,6,6,2.83,17.50875
2010-12-15 03:00:00,"3:00","N",7,5,5,2.79,16.55375
2010-12-15 04:00:00,"4:00","N",7,5,5,2.78,17.61875
2010-12-15 05:00:00,"5:00","N",7,5.24,5.24,2.68,20.76
2010-12-15 06:00:00,"6:00","N",9.22,12.7,12.7,2.65,22.65625
2010-12-15 07:00:00,"7:00","N",4,23.89,22.89,2.5,26.5525
2010-12-15 08:00:00,"8:00","N",5.39,19.92,19.92,2.4,27.475
2010-12-15 09:00:00,"9:00","N",5,11.2,11.2,2.47,25.0525
2010-12-15 10:00:00,"10:00","N",5.25,8.98,9.68,2.37,24.99625
2010-12-15 11:00:00,"11:00","N",4.5,7.39,7.54,3.9,26.005
2010-12-15 12:00:00,"12:00","N",4.53,5.34,5.69,3.69,25.5525
2010-12-15 13:00:00,"13:00","N",4.5,5.36,5.36,3.36,26.18
2010-12-15 14:00:00,"14:00","N",5,4.81,5.05,3.05,25.37375
2010-12-15 15:00:00,"15:00","N",4.44,5.02,5.05,3.05,25.5525
2010-12-15 16:00:00,"16:00","N",4.53,7,7,3.88,24.8975
2010-12-15 17:00:00,"17:00","N",4.5,7.26,7.26,4.05,25.14375
2010-12-15 18:00:00,"18:00","N",4.51,17.36,17.36,4.1,224.7925
2010-12-15 19:00:00,"19:00","N",7.08,30,30,5.21,206.965
2010-12-15 20:00:00,"20:00","N",7.11,17.88,17.88,4.4,26.4075
2010-12-15 21:00:00,"21:00","N",5.14,8.33,8.33,4.2,27.21125
2010-12-15 22:00:00,"22:00","N",7.11,7.63,7.63,3.15,27.77625
2010-12-15 23:00:00,"23:00","N",9.9,10,10,2.74,21.4625
2010-12-16 00:00:00,"24:00:00","N",10,7.57,7.57,2.77,14.78125
2010-12-16 01:00:00,"1:00","N",8.89,6,6,2.7,17.34
2010-12-16 02:00:00,"2:00","N",9.23,6,6,2.71,15.325
2010-12-16 03:00:00,"3:00","N",6,5,5,2.69,13.79
2010-12-16 04:00:00,"4:00","N",6,5,5,2.68,13.94625
2010-12-16 05:00:00,"5:00","N",7,5,5,2.61,15.63875
2010-12-16 06:00:00,"6:00","N",7.11,11,10,2.43,18.62
2010-12-16 07:00:00,"7:00","N",2.5,20.93,12.94,2.28,24.8175
2010-12-16 08:00:00,"8:00","N",4,12.25,11.25,2.22,27.93125
2010-12-16 09:00:00,"9:00","N",3,8.51,7.51,2.38,28.24375
2010-12-16 10:00:00,"10:00","N",3,7.17,7.17,2.33,28.1175
2010-12-16 11:00:00,"11:00","N",3,5.59,5.59,3.75,28.2625
2010-12-16 12:00:00,"12:00","N",4.5,5.25,5.25,3.95,31.1925
2010-12-16 13:00:00,"13:00","N",3,5.25,5.25,3.95,29.58875
2010-12-16 14:00:00,"14:00","N",3.56,4.7,5,3.95,27.655
2010-12-16 15:00:00,"15:00","N",2.5,5.25,5.25,3.33,27.1025
2010-12-16 16:00:00,"16:00","N",3,5.25,5.25,3.25,27.41125
2010-12-16 17:00:00,"17:00","N",3.53,5.95,5.25,3.25,27.45875
2010-12-16 18:00:00,"18:00","N",3,21.61,17.13,5.11,144.045
2010-12-16 19:00:00,"19:00","N",4,31.83,24.25,5.21,143.4
2010-12-16 20:00:00,"20:00","N",4,20.23,16.79,5.21,28.66625
2010-12-16 21:00:00,"21:00","N",2.5,10.17,7.07,5.11,29.77
2010-12-16 22:00:00,"22:00","N",3,5.58,5.58,3,34.22875
2010-12-16 23:00:00,"23:00","N",5.15,6.94,5.94,2.5,84.02
2010-12-17 00:00:00,"24:00:00","N",5.39,6.28,6.28,2.57,24.26875
2010-12-17 01:00:00,"1:00","N",5.96,5,5,2.6,22.63125
2010-12-17 02:00:00,"2:00","N",5.02,4.61,4.61,2.61,21.43125
2010-12-17 03:00:00,"3:00","N",4.53,4.6,4.6,2.6,22.73375
2010-12-17 04:00:00,"4:00","N",4.73,4.61,4.61,2.58,23.885
2010-12-17 05:00:00,"5:00","N",3,4.97,4.97,2.52,26.165
2010-12-17 06:00:00,"6:00","N",5.73,8.2,7.26,2.4,27.5525
2010-12-17 07:00:00,"7:00","N",2.62,35,24.19,2,29.3625
2010-12-17 08:00:00,"8:00","N",4,28.9,24.55,1.92,31.3725
2010-12-17 09:00:00,"9:00","N",3,18.67,17.19,2.18,31.86625
2010-12-17 10:00:00,"10:00","N",3,10.38,10,2.29,31.72
2010-12-17 11:00:00,"11:00","N",2.66,6.3,6.3,3.75,31.54875
2010-12-17 12:00:00,"12:00","N",3,5.75,5.75,3.75,31.6075
2010-12-17 13:00:00,"13:00","N",2.53,5.75,5.75,3.75,29.3775
2010-12-17 14:00:00,"14:00","N",4.07,4.67,4.94,2.94,27.59875
2010-12-17 15:00:00,"15:00","N",3,5.58,5.58,3.09,26.42125
2010-12-17 16:00:00,"16:00","N",3,5.61,5.61,2.97,26.2725
2010-12-17 17:00:00,"17:00","N",3,7,6,3.9,26.2675
2010-12-17 18:00:00,"18:00","N",4,20.77,17.76,8.69,35.915
2010-12-17 19:00:00,"19:00","N",4.52,29.08,26.52,11.02,37.63125
2010-12-17 20:00:00,"20:00","N",5.96,13.56,12.94,6.07,33.0975
2010-12-17 21:00:00,"21:00","N",2.5,8.37,8.37,5.11,31.39
2010-12-17 22:00:00,"22:00","N",3,6.02,6.02,3,29.34625
2010-12-17 23:00:00,"23:00","N",6.25,9.65,8.65,2.49,38.0175
2010-12-18 00:00:00,"24:00:00","N",4.68,8.43,8.42,2.35,55.715
2010-12-18 01:00:00,"1:00","N",5,4.78,4.78,2.53,30.7375
2010-12-18 02:00:00,"2:00","N",4.99,4.5,4.5,2.56,28.58
2010-12-18 03:00:00,"3:00","N",3.5,4.49,4.49,2.49,28.86
2010-12-18 04:00:00,"4:00","N",3.5,4.48,4.48,2.48,28.975
2010-12-18 05:00:00,"5:00","N",3,4.5,4.5,2.47,29.2375
2010-12-18 06:00:00,"6:00","N",5.88,6.25,5.75,2.39,27.615
2010-12-18 07:00:00,"7:00","N",3,21.71,12.7,2.34,30.5425
2010-12-18 08:00:00,"8:00","N",4.75,20.98,18.69,2.5,38.1075
2010-12-18 09:00:00,"9:00","N",4,24.9,20.9,2.5,34.4275
2010-12-18 10:00:00,"10:00","N",4.85,17.52,14.23,2.12,37.90875
2010-12-18 11:00:00,"11:00","N",3.12,10.08,10.08,5.11,27.5325
2010-12-18 12:00:00,"12:00","N",3.49,7,7,5,26.47625
2010-12-18 13:00:00,"13:00","N",3,5.75,5.75,3.75,25.935
2010-12-18 14:00:00,"14:00","N",4.75,4.49,4.49,3.75,24.24125
2010-12-18 15:00:00,"15:00","N",3.29,4.49,4.49,3.75,23.4075
2010-12-18 16:00:00,"16:00","N",3.1,4.49,4.49,3.75,22.535
2010-12-18 17:00:00,"17:00","N",4.25,5.75,5.75,3.9,22.4075
2010-12-18 18:00:00,"18:00","N",4,12.09,11.09,6.74,24.5675
2010-12-18 19:00:00,"19:00","N",7.11,24.46,20.2,12.01,26.05875
2010-12-18 20:00:00,"20:00","N",7,17.42,16.65,6.22,24.97
2010-12-18 21:00:00,"21:00","N",3,8.02,8.02,5.47,25.1125
2010-12-18 22:00:00,"22:00","N",3.75,5.75,5.75,5.21,25.30375
2010-12-18 23:00:00,"23:00","N",7.11,10.74,8.78,3.07,25.04625
2010-12-19 00:00:00,"24:00:00","N",4.37,6.94,6.93,3,23.67
2010-12-19 01:00:00,"1:00","N",5,5,5,2.54,23.28375
2010-12-19 02:00:00,"2:00","N",4.99,4.49,4.49,2.64,22.30125
2010-12-19 03:00:00,"3:00","N",4.88,4.49,4.49,2.65,22.75625
2010-12-19 04:00:00,"4:00","N",4.44,4.49,4.49,2.63,23.62
2010-12-19 05:00:00,"5:00","N",3.6,4.63,4.63,2.63,23.76125
2010-12-19 06:00:00,"6:00","N",8.63,6.11,5.75,3.16,25.10625
2010-12-19 07:00:00,"7:00","N",4,12.44,7.61,2.5,25.885
2010-12-19 08:00:00,"8:00","N",4.99,10.11,10.11,3.9,26.4775
2010-12-19 09:00:00,"9:00","N",4,10.11,10.11,3.9,27.5825
2010-12-19 10:00:00,"10:00","N",4.46,6.11,5.75,2.32,28.2225
2010-12-19 11:00:00,"11:00","N",3,6.11,6.11,5.11,28.31875
2010-12-19 12:00:00,"12:00","N",3.87,5.75,5.75,3.95,25.4775
2010-12-19 13:00:00,"13:00","N",3.23,5,5,3.95,24.955
2010-12-19 14:00:00,"14:00","N",4.75,4.3,4.49,3.95,23.3975
2010-12-19 15:00:00,"15:00","N",3.46,4.61,4.61,3.95,21.86
2010-12-19 16:00:00,"16:00","N",4.11,4.49,4.49,3.95,20.69
2010-12-19 17:00:00,"17:00","N",4.29,5.49,5.49,4.1,21.9575
2010-12-19 18:00:00,"18:00","N",4,12.22,9.11,8.11,25.3875
2010-12-19 19:00:00,"19:00","N",6.11,21,16.43,13.61,28.03
2010-12-19 20:00:00,"20:00","N",6.58,12.11,9.79,8.11,25.53
2010-12-19 21:00:00,"21:00","N",3,9.11,9.11,8.11,25.0325
2010-12-19 22:00:00,"22:00","N",4.31,6.33,6.33,5.33,23.99
2010-12-19 23:00:00,"23:00","N",10,10,9,3.07,22.6325
2010-12-20 00:00:00,"24:00:00","N",5.59,6.11,5.11,3,19.4275
2010-12-20 01:00:00,"1:00","N",7.68,5,5,2.75,19.38625
2010-12-20 02:00:00,"2:00","N",7.22,5,5,2.76,18.75125
2010-12-20 03:00:00,"3:00","N",6.49,5,5,2.76,18.90625
2010-12-20 04:00:00,"4:00","N",6.49,5,5,2.76,19.2575
2010-12-20 05:00:00,"5:00","N",5.94,5,5,2.71,20.145
2010-12-20 06:00:00,"6:00","N",8.49,11.41,8.48,2.42,21.07375
2010-12-20 07:00:00,"7:00","N",3,22.97,13.7,3.9,22.285
2010-12-20 08:00:00,"8:00","N",6.03,19.21,18.21,3.9,22.45875
2010-12-20 09:00:00,"9:00","N",3.47,14.09,13.09,2.5,22.9625
2010-12-20 10:00:00,"10:00","N",4.89,9.54,9.54,2.53,23.28625
2010-12-20 11:00:00,"11:00","N",3,6.23,6.23,5,23.345
2010-12-20 12:00:00,"12:00","N",3.97,5.75,5.75,4.51,22.4925
2010-12-20 13:00:00,"13:00","N",4.5,5,5,3.75,22.46625
2010-12-20 14:00:00,"14:00","N",5,4.49,5,3.75,22.33875
2010-12-20 15:00:00,"15:00","N",3.95,5,5,3.95,22.6075
2010-12-20 16:00:00,"16:00","N",3.91,5.75,5.75,3.95,22.26875
2010-12-20 17:00:00,"17:00","N",3.57,6.24,6.1,4.1,22.7675
2010-12-20 18:00:00,"18:00","N",4.5,17.24,13.16,6.88,24.75125
2010-12-20 19:00:00,"19:00","N",7.65,31.78,26.48,12.35,28.7425
2010-12-20 20:00:00,"20:00","N",7.37,14.19,13.19,6.24,25.905
2010-12-20 21:00:00,"21:00","N",3,9.43,9.43,5.67,25.11625
2010-12-20 22:00:00,"22:00","N",4.5,7.31,7.31,5.31,24.0975
2010-12-20 23:00:00,"23:00","N",10,11,10,3,21.5825
2010-12-21 00:00:00,"24:00:00","N",7.11,10,10,2.68,17.46875
2010-12-21 01:00:00,"1:00","N",10,7,7,2.93,19.06
2010-12-21 02:00:00,"2:00","N",8.92,5,5,2.88,18.385
2010-12-21 03:00:00,"3:00","N",7,5.37,5.37,2.86,18.4525
2010-12-21 04:00:00,"4:00","N",7,5,5,2.84,18.22125
2010-12-21 05:00:00,"5:00","N",6,5,5,2.84,18.82875
2010-12-21 06:00:00,"6:00","N",10,9.61,8,2.77,19.61
2010-12-21 07:00:00,"7:00","N",4,16.22,12.72,2.65,21.79
2010-12-21 08:00:00,"8:00","N",6,13.07,13.07,2.68,23.1075
2010-12-21 09:00:00,"9:00","N",4,11.41,11.41,2.53,24.19
2010-12-21 10:00:00,"10:00","N",4.98,8,8,2.51,31.72875
2010-12-21 11:00:00,"11:00","N",3,5.59,6.64,4.64,74.7225
2010-12-21 12:00:00,"12:00","N",4,5.45,7.26,5.11,30.18375
2010-12-21 13:00:00,"13:00","N",3,6.3,6.3,5.11,26.6
2010-12-21 14:00:00,"14:00","N",4.71,4.88,6,5.11,26.105
2010-12-21 15:00:00,"15:00","N",3,5.58,6.14,5.11,25.595
2010-12-21 16:00:00,"16:00","N",3,7.48,7.48,5.11,25.83
2010-12-21 17:00:00,"17:00","N",3.98,8.47,7.6,5.11,25.87
2010-12-21 18:00:00,"18:00","N",4.5,18.49,17.01,5.31,27.22125
2010-12-21 19:00:00,"19:00","N",8.47,34.19,25.47,11.22,30.7425
2010-12-21 20:00:00,"20:00","N",7.37,15.3,14.3,5.23,29.3125
2010-12-21 21:00:00,"21:00","N",3,6.69,6.69,5.11,29.2625
2010-12-21 22:00:00,"22:00","N",4.2,5.4,5.4,4.18,26.835
2010-12-21 23:00:00,"23:00","N",7.11,7.03,6.03,2.87,35.4825
2010-12-22 00:00:00,"24:00:00","N",5.47,7.61,7.61,2.8,21.66125
2010-12-22 01:00:00,"1:00","N",7.56,8.61,7.98,2.89,20.86
2010-12-22 02:00:00,"2:00","N",7.14,7,7,2.87,17.9225
2010-12-22 03:00:00,"3:00","N",6,7,7,2.88,16.42125
2010-12-22 04:00:00,"4:00","N",7.11,7,7,2.88,17.4375
2010-12-22 05:00:00,"5:00","N",6,7,7,2.85,18.3575
2010-12-22 06:00:00,"6:00","N",9.47,6.8,5.8,2.74,17.015
2010-12-22 07:00:00,"7:00","N",3,14.61,10,2.47,19.6325
2010-12-22 08:00:00,"8:00","N",4,12.24,10,2.53,22.31
2010-12-22 09:00:00,"9:00","N",3,10.23,9.23,2.57,23.9375
2010-12-22 10:00:00,"10:00","N",3.12,7.44,7.44,2.62,26.3675
2010-12-22 11:00:00,"11:00","N",3,5.59,5.59,3.98,27.6025
2010-12-22 12:00:00,"12:00","N",3,5.34,5.37,4.16,36.9125
2010-12-22 13:00:00,"13:00","N",3,6,6,4,37.47
2010-12-22 14:00:00,"14:00","N",4.5,4.7,5.41,3.81,31.14
2010-12-22 15:00:00,"15:00","N",2.54,5.58,5.58,3.8,28.3875
2010-12-22 16:00:00,"16:00","N",3,6,5.85,3.85,27.405
2010-12-22 17:00:00,"17:00","N",3.94,6.99,5.99,3.99,27.65
2010-12-22 18:00:00,"18:00","N",4.34,20.67,14.28,5.11,29.6
2010-12-22 19:00:00,"19:00","N",7.11,36.07,24.6,11.02,36.47375
2010-12-22 20:00:00,"20:00","N",6.97,13.42,8.94,5.31,31.83625
2010-12-22 21:00:00,"21:00","N",3,5.14,5.14,5.11,29.19
2010-12-22 22:00:00,"22:00","N",3,4.76,4.76,3.8,28.2225
2010-12-22 23:00:00,"23:00","N",7.11,8.66,7.66,3.03,33.57125
2010-12-23 00:00:00,"24:00:00","N",5.47,8,8,2.71,41.60875
2010-12-23 01:00:00,"1:00","N",7.55,5,5,2.72,37.0325
2010-12-23 02:00:00,"2:00","N",8,5,5,2.73,24.23
2010-12-23 03:00:00,"3:00","N",5.47,5,5,2.73,23.8175
2010-12-23 04:00:00,"4:00","N",6,4.77,4.77,2.77,24.32
2010-12-23 05:00:00,"5:00","N",4.96,4.69,4.69,2.69,25.945
2010-12-23 06:00:00,"6:00","N",9.47,10.66,9,2.52,26.7325
2010-12-23 07:00:00,"7:00","N",3,15.77,10,2.29,25.4075
2010-12-23 08:00:00,"8:00","N",4.1,12,10,2.21,26.6225
2010-12-23 09:00:00,"9:00","N",3,10,9,2.36,29.0625
2010-12-23 10:00:00,"10:00","N",4,8,8,2.41,32.6325
2010-12-23 11:00:00,"11:00","N",3,6,6,4.93,32.73
2010-12-23 12:00:00,"12:00","N",3,5.34,5.37,4.92,32.825
2010-12-23 13:00:00,"13:00","N",2.51,6,6,4.43,29.145
2010-12-23 14:00:00,"14:00","N",3.78,4.7,4.7,3.8,28.7475
2010-12-23 15:00:00,"15:00","N",2.6,5.58,5.58,3.78,26.1025
2010-12-23 16:00:00,"16:00","N",3,5.83,5.83,3.83,26.2725
2010-12-23 17:00:00,"17:00","N",3,7.5,6.5,4.5,26.24
2010-12-23 18:00:00,"18:00","N",4.5,18.03,13.01,5.31,27.87125
2010-12-23 19:00:00,"19:00","N",7.11,35,23.98,11.43,31.28
2010-12-23 20:00:00,"20:00","N",7.11,11.52,7.48,5.23,29.965
2010-12-23 21:00:00,"21:00","N",3,6.69,6.69,4.73,30.1875
2010-12-23 22:00:00,"22:00","N",4,5.99,5.99,4.18,28.0425
2010-12-23 23:00:00,"23:00","N",7.47,7,6,3.03,30.24
2010-12-24 00:00:00,"24:00:00","N",5.47,8,8,3.01,34.64375
2010-12-24 01:00:00,"1:00","N",7.99,9.92,8.92,2.83,25.17875
2010-12-24 02:00:00,"2:00","N",8,9,8,2.83,23.415
2010-12-24 03:00:00,"3:00","N",6,9,8,2.83,22.5
2010-12-24 04:00:00,"4:00","N",7.11,8.69,7.91,2.83,22.37
2010-12-24 05:00:00,"5:00","N",6.05,6.77,6.77,2.83,22.465
2010-12-24 06:00:00,"6:00","N",9.76,9,8,2.78,22.3175
2010-12-24 07:00:00,"7:00","N",4,10.47,8,2.58,22.15
2010-12-24 08:00:00,"8:00","N",6.47,9.37,8.37,2.53,22.3225
2010-12-24 09:00:00,"9:00","N",4.2,10,8.72,2.53,22.7025
2010-12-24 10:00:00,"10:00","N",5.33,9.27,9.27,2.5,23.8125
2010-12-24 11:00:00,"11:00","N",4.67,6.25,6.25,4.25,24.055
2010-12-24 12:00:00,"12:00","N",5.47,6,6,4.23,23.1625
2010-12-24 13:00:00,"13:00","N",4.07,5.65,5.65,3.77,22.74
2010-12-24 14:00:00,"14:00","N",5.47,4.47,4.47,3.44,22.99
2010-12-24 15:00:00,"15:00","N",3.37,5.02,5.02,3.81,23.705
2010-12-24 16:00:00,"16:00","N",3.82,5.87,5.87,3.87,24.405
2010-12-24 17:00:00,"17:00","N",5,6,5.95,3.95,25.1525
2010-12-24 18:00:00,"18:00","N",5.86,12.42,8.24,5,28.1925
2010-12-24 19:00:00,"19:00","N",11.47,26.85,21.71,11.31,31.395
2010-12-24 20:00:00,"20:00","N",7.82,9.81,8.94,5,27.28
2010-12-24 21:00:00,"21:00","N",4.45,5.14,4.57,4.57,25.6175
2010-12-24 22:00:00,"22:00","N",5.1,4.76,6.47,3.93,25.1025
2010-12-24 23:00:00,"23:00","N",7.11,10.34,8,3.28,24.1725
2010-12-25 00:00:00,"24:00:00","N",4.15,8,8.56,3.28,24.6475
2010-12-25 01:00:00,"1:00","N",8,10,10,3,24.025
2010-12-25 02:00:00,"2:00","N",8,9.09,8.09,2.77,23.58125
2010-12-25 03:00:00,"3:00","N",4.96,9.82,8.82,2.76,23.1525
2010-12-25 04:00:00,"4:00","N",4.96,8.33,8,2.72,22.9925
2010-12-25 05:00:00,"5:00","N",4.96,7.75,7.75,2.67,22.7525
2010-12-25 06:00:00,"6:00","N",11.65,15,14,2.62,22.515
2010-12-25 07:00:00,"7:00","N",3,17.78,13,2.72,21.945
2010-12-25 08:00:00,"8:00","N",6.47,14.08,13.08,2.62,23.41
2010-12-25 09:00:00,"9:00","N",4,13.15,12.15,2.26,25.2425
2010-12-25 10:00:00,"10:00","N",5.81,12.24,12.24,2.5,26.4475
2010-12-25 11:00:00,"11:00","N",4,8.68,8.68,4.68,26.36
2010-12-25 12:00:00,"12:00","N",5.47,6.25,6.25,4.03,26.4425
2010-12-25 13:00:00,"13:00","N",5.45,6,6,4,27.01
2010-12-25 14:00:00,"14:00","N",7.11,4.47,4.5,3.82,26.3075
2010-12-25 15:00:00,"15:00","N",6,5,5,3.81,25.1375
2010-12-25 16:00:00,"16:00","N",6,5.47,5,3.85,24.3275
2010-12-25 17:00:00,"17:00","N",7.83,7,6,4,23.9325
2010-12-25 18:00:00,"18:00","N",4.5,10.1,9.1,4.42,27.605
2010-12-25 19:00:00,"19:00","N",7.11,24.7,23.7,11.48,39.995
2010-12-25 20:00:00,"20:00","N",6.97,13.42,13.42,5.31,42.82
2010-12-25 21:00:00,"21:00","N",3,8.37,8.37,5.27,46.46
2010-12-25 22:00:00,"22:00","N",4.3,6.83,6.83,4.43,38.1675
2010-12-25 23:00:00,"23:00","N",7.11,8.48,7.48,3,49.7525
2010-12-26 00:00:00,"24:00:00","N",4.5,6.3,6.3,2.47,37.06
2010-12-26 01:00:00,"1:00","N",5,7,6,3,45.22125
2010-12-26 02:00:00,"2:00","N",4.02,4.61,4.61,2.64,46.86
2010-12-26 03:00:00,"3:00","N",3,5,4.64,2.64,41.625
2010-12-26 04:00:00,"4:00","N",3,5.25,5.25,2.64,58.7825
2010-12-26 05:00:00,"5:00","N",2.5,4,4,2.61,37.595
2010-12-26 06:00:00,"6:00","N",5,8.2,4,2.56,30.26625
2010-12-26 07:00:00,"7:00","N",3,16.87,7.3,2.37,31.53
2010-12-26 08:00:00,"8:00","N",3,20.24,15.83,2.25,33.1325
2010-12-26 09:00:00,"9:00","N",3,19.12,17.87,2.75,46.88625
2010-12-26 10:00:00,"10:00","N",3,11.41,12.4,2.75,36.75
2010-12-26 11:00:00,"11:00","N",2.5,5.59,5.59,4.68,30.635
2010-12-26 12:00:00,"12:00","N",3,5.34,5.36,4.23,28.7425
2010-12-26 13:00:00,"13:00","N",3,4.47,4.47,3.82,26.335
2010-12-26 14:00:00,"14:00","N",4.38,4,4,3.86,24.3675
2010-12-26 15:00:00,"15:00","N",2.88,4,4,3.86,22.2525
2010-12-26 16:00:00,"16:00","N",3.3,4.42,4.42,3.89,20.39375
2010-12-26 17:00:00,"17:00","N",3,5.17,4.58,3.87,19.745
2010-12-26 18:00:00,"18:00","N",4,12.29,7.74,5.31,22.24375
2010-12-26 19:00:00,"19:00","N",4.57,26.83,19.65,11.48,25.695
2010-12-26 20:00:00,"20:00","N",4,17.28,13.24,8.11,25.48875
2010-12-26 21:00:00,"21:00","N",2.5,11.32,11.32,7.82,26.09375
2010-12-26 22:00:00,"22:00","N",3,4.48,4.48,4.48,26.23125
2010-12-26 23:00:00,"23:00","N",4.5,8.67,4,3.28,28.9375
2010-12-27 00:00:00,"24:00:00","N",3,4,4,3.28,28.05125
2010-12-27 01:00:00,"1:00","N",3.45,10,9,2.7,30.0675
2010-12-27 02:00:00,"2:00","N",3,6.23,6.11,2.7,28.76875
2010-12-27 03:00:00,"3:00","N",2.5,5.25,4.92,2.68,29.7625
2010-12-27 04:00:00,"4:00","N",2.5,4.65,4.65,2.65,31.29
2010-12-27 05:00:00,"5:00","N",2.5,6.23,6.23,2.53,31.75
2010-12-27 06:00:00,"6:00","N",5.52,12.71,8.48,2.34,26.88125
2010-12-27 07:00:00,"7:00","N",3,28.93,19.39,1.92,29.445
2010-12-27 08:00:00,"8:00","N",3.45,30,24.78,2.02,32.39
2010-12-27 09:00:00,"9:00","N",3,16.77,14.24,2.28,31.33875
2010-12-27 10:00:00,"10:00","N",3,10.1,10.1,2.41,29.8375
2010-12-27 11:00:00,"11:00","N",2.5,5.59,5.59,3.69,27.355
2010-12-27 12:00:00,"12:00","N",3,5.34,5.34,3.76,27.51125
2010-12-27 13:00:00,"13:00","N",2.93,6,6,4,26.64
2010-12-27 14:00:00,"14:00","N",3.92,4,4,3.87,25.47
2010-12-27 15:00:00,"15:00","N",2.5,4,4,3,24.50375
2010-12-27 16:00:00,"16:00","N",2.96,4.63,4.5,2.76,24.19125
2010-12-27 17:00:00,"17:00","N",3,6.33,5.33,3.33,25.0825
2010-12-27 18:00:00,"18:00","N",3,15.36,11.34,4.68,27.50625
2010-12-27 19:00:00,"19:00","N",4,32.09,23.78,5.41,28.3625
2010-12-27 20:00:00,"20:00","N",4,16.32,15.32,4.53,25.83125
2010-12-27 21:00:00,"21:00","N",2.5,12.79,11.79,4.53,25.07125
2010-12-27 22:00:00,"22:00","N",3,5.69,5.69,3.69,23.46125
2010-12-27 23:00:00,"23:00","N",4.5,10.4,8.4,2.62,21.2425
2010-12-28 00:00:00,"24:00:00","N",3.12,7.77,7.77,2.63,19.45875
2010-12-28 01:00:00,"1:00","N",5.53,4.61,4.61,2.61,17.815
2010-12-28 02:00:00,"2:00","N",4.92,4.61,4.61,2.64,15.79625
2010-12-28 03:00:00,"3:00","N",4,4.61,4.61,2.62,16.1625
2010-12-28 04:00:00,"4:00","N",4.29,4.61,4.61,2.61,17.4225
2010-12-28 05:00:00,"5:00","N",3,5,5,2.57,20.8775
2010-12-28 06:00:00,"6:00","N",5.75,8.06,7,2.39,20.58375
2010-12-28 07:00:00,"7:00","N",3.09,19.02,12,1.96,22.925
2010-12-28 08:00:00,"8:00","N",5.32,15,15,1.92,24.22
2010-12-28 09:00:00,"9:00","N",3.08,8.61,8.61,3.05,25.3225
2010-12-28 10:00:00,"10:00","N",4,6.24,6.24,2.75,25.9875
2010-12-28 11:00:00,"11:00","N",3,4,4,4,26.6825
2010-12-28 12:00:00,"12:00","N",3.51,4,4,3.98,26.8525
2010-12-28 13:00:00,"13:00","N",3,4,4,3,26.4125
2010-12-28 14:00:00,"14:00","N",4.61,3.6,3.97,3,25.915
2010-12-28 15:00:00,"15:00","N",3.46,4,4,3.91,25.58
2010-12-28 16:00:00,"16:00","N",3.71,4,4,3.94,25.4275
2010-12-28 17:00:00,"17:00","N",3.78,5.03,4.5,3.91,25.57
2010-12-28 18:00:00,"18:00","N",4.5,14.18,9.16,5.41,27.535
2010-12-28 19:00:00,"19:00","N",7.11,30.54,20.03,11.22,29.6475
2010-12-28 20:00:00,"20:00","N",7.11,13.85,11.46,5.11,26.74
2010-12-28 21:00:00,"21:00","N",3,5.87,5.87,5.11,26.535
2010-12-28 22:00:00,"22:00","N",4.3,4.08,4.08,4.08,25.675
2010-12-28 23:00:00,"23:00","N",6.47,8,7.41,3.23,25.0425
2010-12-29 00:00:00,"24:00:00","N",5.32,7.16,7.24,3,21.5575
2010-12-29 01:00:00,"1:00","N",6.2,4,4,2,22.2975
2010-12-29 02:00:00,"2:00","N",5.96,3.35,3.35,1.75,18.69
2010-12-29 03:00:00,"3:00","N",2,3.35,3.35,1.63,17.6975
2010-12-29 04:00:00,"4:00","N",2,3.35,3.35,1.63,18.2025
2010-12-29 05:00:00,"5:00","N",2,7,7,1.55,19.8625
2010-12-29 06:00:00,"6:00","N",6.95,15,13.5,1.38,21.25125
2010-12-29 07:00:00,"7:00","N",3.65,10.97,7,1.46,22.34
2010-12-29 08:00:00,"8:00","N",6,10,10,1.25,23.0275
2010-12-29 09:00:00,"9:00","N",4,13.5,13.5,1.89,24.02
2010-12-29 10:00:00,"10:00","N",2,8.5,8.5,1.45,25.505
2010-12-29 11:00:00,"11:00","N",2.08,5,5,2.48,26.4925
2010-12-29 12:00:00,"12:00","N",2.43,5,5,2.51,25.3625
2010-12-29 13:00:00,"13:00","N",2,4.99,4.99,2.55,23.30625
2010-12-29 14:00:00,"14:00","N",2.5,3.63,4.37,2.53,22.51375
2010-12-29 15:00:00,"15:00","N",2,4.56,4.58,2.58,22.97125
2010-12-29 16:00:00,"16:00","N",2,4.61,4.61,2.61,22.75
2010-12-29 17:00:00,"17:00","N",2,4.63,4.56,2.56,22.73375
2010-12-29 18:00:00,"18:00","N",4.5,8.88,8.88,2.41,23.83875
2010-12-29 19:00:00,"19:00","N",8.47,20,19,2.2,26.19625
2010-12-29 20:00:00,"20:00","N",7.11,9.55,9.55,2.43,23.91125
2010-12-29 21:00:00,"21:00","N",3.41,7.16,7.16,2.54,22.7825
2010-12-29 22:00:00,"22:00","N",3,5.04,5.67,2.51,21.50875
2010-12-29 23:00:00,"23:00","N",6.51,10,10,1.76,20.195
2010-12-30 00:00:00,"24:00:00","N",3.37,9.78,9.78,1.54,17.72625
2010-12-30 01:00:00,"1:00","N",6,3.15,3.15,2,15.87125
2010-12-30 02:00:00,"2:00","N",5.94,3,3,2,14.72625
2010-12-30 03:00:00,"3:00","N",2,3.15,3,2,12.05375
2010-12-30 04:00:00,"4:00","N",2,3.06,3,2,13.82875
2010-12-30 05:00:00,"5:00","N",2,5.5,5.5,1.95,15
2010-12-30 06:00:00,"6:00","N",9.94,15,14,2,18.8825
2010-12-30 07:00:00,"7:00","N",7.11,10.72,7,1.46,21.59125
2010-12-30 08:00:00,"8:00","N",8.6,10,10,1.23,22.0075
2010-12-30 09:00:00,"9:00","N",6.94,13.5,13.5,1.89,23.34125
2010-12-30 10:00:00,"10:00","N",2,8.5,8.5,1.46,27.695
2010-12-30 11:00:00,"11:00","N",2,5,5,2.63,28.78
2010-12-30 12:00:00,"12:00","N",2,4.7,5,2.64,30.68
2010-12-30 13:00:00,"13:00","N",2,5,5,2.65,28.1725
2010-12-30 14:00:00,"14:00","N",3,3.94,4.68,2.68,24.325
2010-12-30 15:00:00,"15:00","N",2,4.62,4.68,2.68,23.8
2010-12-30 16:00:00,"16:00","N",2,4.5,4.5,2.5,22.95375
2010-12-30 17:00:00,"17:00","N",2,4.61,4.61,2.61,22.29875
2010-12-30 18:00:00,"18:00","N",4.5,12,10,2.63,23.7625
2010-12-30 19:00:00,"19:00","N",7.5,32.24,22.4,2.42,27.51875
2010-12-30 20:00:00,"20:00","N",7,10,10,2.52,25.7725
2010-12-30 21:00:00,"21:00","N",3,8.5,8.5,2.62,22.65125
2010-12-30 22:00:00,"22:00","N",2.5,5.84,6.47,2.52,20.7675
2010-12-30 23:00:00,"23:00","N",5.44,8.97,8.97,2,20.07125
2010-12-31 00:00:00,"24:00:00","N",3.24,8.97,8.97,1.98,17.485
2010-12-31 01:00:00,"1:00","N",7.11,3,3,2,12.26625
2010-12-31 02:00:00,"2:00","N",6,3,3,2,15.375
2010-12-31 03:00:00,"3:00","N",2,3,3,2,15.02875
2010-12-31 04:00:00,"4:00","N",2,3,3,2,15.30625
2010-12-31 05:00:00,"5:00","N",2,6.91,6.33,2,14.7675
2010-12-31 06:00:00,"6:00","N",13.11,14.5,13.5,2,15.415
2010-12-31 07:00:00,"7:00","N",11.23,21.21,11.86,2,19.8175
2010-12-31 08:00:00,"8:00","N",14.5,10,10,2,21.055
2010-12-31 09:00:00,"9:00","N",6.27,13.53,13.53,1.4,22.04375
2010-12-31 10:00:00,"10:00","N",2,8.5,8.5,2,24.88625
2010-12-31 11:00:00,"11:00","N",2.5,5,5,2.35,30.12
2010-12-31 12:00:00,"12:00","N",2,5,5,2.4,44.6
2010-12-31 13:00:00,"13:00","N",2,5,5,2.42,28.7425
2010-12-31 14:00:00,"14:00","N",3,5,5,2.46,27.3625
2010-12-31 15:00:00,"15:00","N",2,4.6,4.6,2.49,30.7975
2010-12-31 16:00:00,"16:00","N",2,4.86,4.86,2.48,34.0475
2010-12-31 17:00:00,"17:00","N",2,5,5,2.46,34.45125
2010-12-31 18:00:00,"18:00","N",5.17,10,10,2.42,32.23375
2010-12-31 19:00:00,"19:00","N",13.1,33.04,21.34,2.35,116.30875
2010-12-31 20:00:00,"20:00","N",7.58,10.13,10.12,2.31,31.17625
2010-12-31 21:00:00,"21:00","N",3.81,8.5,8.5,2.36,27.27
2010-12-31 22:00:00,"22:00","N",2.5,4.59,4.99,2.32,25.13625
2010-12-31 23:00:00,"23:00","N",3.76,7.44,7.44,2.3,22.25375
2011-01-01 00:00:00,"24:00:00","N",2.5,7.29,8.5,2.21,25.7425
